Question,Category,Answer
What fields can I pursue in Biomedical Science & Engineering at the UCSC grad program?,Applying,"You can pursue fields in Biomedical Science & Engineering at the UCSC grad program, including Chemical Biology, Biochemistry, Biophysics, and more. These fields are designed to help you develop the skills and knowledge necessary to work in various areas of biomedical science and engineering. You can pursue a Ph.D. in one of these fields or an M.S. or M.F.A. in a related field, such as Art, Environmental Art & Social Practice, or Digital Arts & New Media. You can also pursue a degree track that allows you to explore multiple areas of interest, such as a combined M.S. and M.F.A. or a Ph.D. track that allows you to focus on a specific area of interest, such as Microbiology and Environmental Toxicology or Molecular, Cell & Developmental Biology."
What level of degree can I get in Applied Mathematics at UCSC?,Applying,You can get a Master's degree in Applied Mathematics at UC Santa Cruz. A Ph.D. in Applied Mathematics is not available at UCSC.
What types of art programs are offered at UCSC?,Applying,"The following art programs are offered at UCSC:
Environmental Art & Social Practice M.F.A.
Art: Environmental Art & Social Practice M.F.A.
Art: Digital Art & New Media MF.A.
Art: Environmental Art & Social Practice M.F.A. is not accepting applications for 2025."
Is writing a Statement of Financial Need required?,Applying,"A: No, the Statement of Financial Need is not required for UCSC students."
What should I include in my statement of purpose for UCSC?,Applying,"A: A statement of purpose for UCSC should include a clear and concise overview of your academic background, research interests, and career goals. It should also demonstrate your understanding of the university's mission, values, and research focus, as well as your ability to contribute to the university community. Include specific examples of your academic achievements, research experience, and relevant skills or tools that align with the university's research focus. Finally, highlight your unique perspective and potential as a scholar, and explain why you are a strong fit for the program. Be sure to proofread your statement carefully, as it will be read by the admissions committee."
What should I include in my UCSC Personal History Statement?,Applying,"A: The UCSC Personal History Statement is a required document that is used to verify your eligibility to attend UC Santa Cruz. You should include the following information: Your full name, date of birth, address, phone number, and email address. You should also include your current degree and major, as well as any relevant work experience or volunteer work. You should also provide proof of your U.S. citizenship or permanent residency status. You should attach a copy of your official transcript, diploma, or other documents that verify your degree and major. Make sure to sign the statement and date it, and submit it online through the UCSC website."
Can I get a fellowship for UCSC?,Applying,"Yes, UCSC offers a variety of fellowship opportunities that can help you achieve your career goals and enhance your skills and experience. These include the Fulbright Fellowship, the National Science Foundation Graduate Research Fellowship, the National Institutes of Health Research Fellowship, and the National Science Foundation Graduate Research Fellowship.

Fellowship opportunities are highly competitive, and selection is based on a combination of factors, including your academic and professional background, research experience, and the relevance of your proposal to the National Science Foundation's mission.

To increase your chances of getting a fellowship, it is recommended that you:

* Have a strong academic record, including a GPA of 3.5 or higher
* Have a research experience, including a minimum of one year of research experience
* Have a clear and concise research proposal that addresses the National Science Foundation's mission
* Have a strong letter of recommendation from a faculty advisor or mentor
* Be able to demonstrate a clear understanding of the research topic and the potential impact of your research on the field

UCSC offers a variety of fellowship opportunities that can help you achieve your career goals and enhance your skills and experience. These include the Fulbright Fellowship, the National Science Foundation Graduate Research Fellowship, the National Institutes of Health Research Fellowship, and the National Science Foundation Graduate Research Fellowship.

To learn more about these fellowship opportunities and to apply, you can visit the National Science Foundation's website or contact the Academic HealthPlans office at (855) 427-3167 or (855) 247-2273.

Academic HealthPlans
(855) 427-3167: Purchase UC SHIP coverage(855) 247-2273: IRS Form 1095-B

Academic HealthPlans is the official insurance provider for UC Santa Cruz.

Academic HealthPlans is the official insurance provider for UC Santa Cruz.

Academic HealthPlans is the official insurance provider for UC Santa Cruz.

Academic HealthPlans is the official insurance provider for UC Santa Cruz.

Academic HealthPlans is the official insurance provider for UC Santa Cruz.

Academic HealthPlans is the official insurance provider for UC Santa Cruz.

Academic HealthPlans is the official insurance provider for UC Santa Cruz.

Academic HealthPlans is the official insurance provider for UC Santa Cruz.

Academic HealthPlans is the official insurance provider for UC Santa Cruz.

Academic HealthPlans is the official insurance provider for UC Santa Cruz.

Academic HealthPlans is the official insurance provider for UC Santa Cruz.

Academic HealthPlans is the official insurance provider for UC Santa Cruz.

Academic HealthPlans is the official insurance provider for UC Santa Cruz.

Academic HealthPlans is the official insurance provider for UC Santa Cruz.

Academic HealthPlans is the official insurance provider for UC Santa Cruz.

Academic HealthPlans is the official insurance provider for UC Santa Cruz.

Academic HealthPlans is the official insurance provider for UC Santa Cruz.

Academic HealthPlans is the official insurance provider for UC Santa Cruz.

Academic HealthPlans is the official insurance provider for UC Santa Cruz.

Academic HealthPlans is the official insurance provider for UC Santa Cruz.

Academic HealthPlans is the official insurance provider for UC Santa Cruz.

Academic HealthPlans is the official insurance provider for UC Santa Cruz.

Academic HealthPlans is the official insurance provider for UC Santa Cruz.

Academic HealthPlans is the official insurance provider for UC Santa Cruz.

Academic HealthPlans is the official insurance provider for UC Santa Cruz.

Academic HealthPlans is the official insurance provider for UC Santa Cruz.

Academic HealthPlans is the official insurance provider for UC Santa Cruz.

Academic HealthPlans is the official insurance provider for UC Santa Cruz.

Academic HealthPlans is the official insurance provider for UC Santa Cruz.

Academic HealthPlans is the official insurance provider for UC Santa Cruz.

Academic HealthPlans is the official insurance provider for UC Santa Cruz.

Academic HealthPlans is the official insurance provider for UC Santa Cruz.

Academic HealthPlans is the official insurance provider for UC Santa Cruz.

Academic HealthPlans is the official insurance provider for UC Santa Cruz.

Academic HealthPlans is the official insurance provider for UC Santa Cruz.

Academic HealthPlans is the official insurance provider for UC Santa Cruz.

Academic HealthPlans is the official insurance provider for UC Santa Cruz.

Academic HealthPlans is the official insurance provider for UC Santa Cruz.

Academic HealthPlans is the official insurance provider for UC Santa Cruz.

Academic HealthPlans is the official insurance provider for UC Santa Cruz.

Academic HealthPlans is the official insurance provider for UC Santa Cruz.

Academic HealthPlans is the official insurance provider for UC Santa Cruz.

Academic HealthPlans is the official insurance provider for UC Santa Cruz.

Academic HealthPlans is the official insurance provider for UC Santa Cruz.

Academic HealthPlans is the official insurance provider for UC Santa Cruz.

Academic HealthPlans is the official insurance provider for UC Santa Cruz.

Academic HealthPlans is the official insurance provider for UC Santa Cruz.

Academic HealthPlans"
Are Letters of Recommendations required for the NLP program even if I have a high GPA?,Applying,"No, Letters of Recommendation are not required for the NLP program. The program is looking for students who have a strong academic background and relevant programming skills, but they are not looking for letters of recommendation."
Are transcripts required for the NLP program even if I am already working in industry?,Applying,"No, transcripts are not required for the NLP program if you are already working in industry, but they are required for the Master's program in Baskin School of Engineering."
Is a résumé required for the NLP program,Applying,"No, a résumé is not required for the NLP program. A Statement of Purpose and a Personal History Statement are required, as well as letters of recommendation and transcripts."
How long should my statement of purpose be for the NLP program,Applying,"A Statement of Purpose is a required component of the NLP program application. The Statement of Purpose is a 2-4 page document that should describe your plans for graduate study or research and for your future occupation or profession. The statement should be concise, clear, and well-organized. It should include any information that may aid the selection committee in evaluating your preparation and qualifications for graduate study at UCSC. The statement should be written in a formal and professional tone and should be free of jargon and technical terms that may be unfamiliar to non-experts. The statement should be tailored to the specific program and should demonstrate your understanding of the field of natural language processing. The statement should be well-written and should be free of grammatical errors. The statement should also include any information that may be relevant to the selection committee, such as your research experience, skills, and achievements. A Statement of Purpose is a critical component of the application process, and it is essential to write a well-written and well-organized statement that showcases your potential as a graduate student."
"Do I need to report test scores for the Applied Economics & Finance, M.S. program?",Applying,"A: No, you do not need to report test scores for the Applied Economics & Finance, M.S. program."
Are test scores required for Serious Games?,Applying,"A: No, test scores are not required for Serious Games. Serious Games is a game development course that focuses on game design, programming, and game development. Students are expected to demonstrate their skills in game development, game design, and programming, and not necessarily their test scores."
What test scores do I need to report for Latin American & Latino Studies? Are they required?,Applying,A: The test scores for Latin American & Latino Studies are not required.
Do I need test scores for Coastal Science & Policy?,Applying,"No, you do not need to provide test scores for Coastal Science & Policy."
Do I have to give my test scores for Music?,Applying,"A: No, you don't have to give your test scores for Music. You can still take the test without submitting your scores, but you will not be able to receive your final grade."
Do I need to report my GRE scores for the Electrical & Computer Engineering?,Applying,"A: No, you do not need to report your GRE scores for the Electrical & Computer Engineering program at the University of California, Santa Cruz."
Can I report my GRE scores for Physics?,Applying,"A: Yes, you can report your GRE scores to the Physics department at UCSC. However, you need to submit the scores to the department in a timely manner. The Physics department will then verify your scores and report them to the department's advisor."
Are test scores needed for Ocean Sciences?,Applying,"No, test scores are not needed for Ocean Sciences."
Is the History M.A. accepting applications this year?,Applying,"No, the History M.A. is not accepting applications for the 2025 academic year."
"What's the deadline for the Molecular, Cell & Developmental Biology M.S. program?",Applying,"The deadline for the Molecular, Cell & Developmental Biology M.S. program is April 1."
It's currently May and I haven't applied for the Natural Language Processing M.S. program yet. Did I miss my chance?,Applying,"No, you haven't missed your chance. The NLP program is still accepting applications for the upcoming Fall 2025 cohort. The application deadline is April 16th, 2025, so you have plenty of time to apply. I recommend applying as soon as possible to ensure you don't miss the deadline. UCSC is interested in a diverse and inclusive graduate student population, and the NLP program is no exception. You can expect to be part of a community that values diversity, equity, and inclusion. The program is designed to provide you with the knowledge, skills, and connections you need to succeed in a rapidly changing field. The NLP program has a strong reputation for producing graduates who are well-prepared to make a meaningful contribution to society. I'm excited to hear about your plans for graduate study or research, and I'm confident that you'll be well-prepared to succeed in the program."
Is the deadline for the Computer Science & Engineering M.S. before or after the deadline for the Computer Science & Engineering Ph.D.?,Applying,"The deadline for the Computer Science & Engineering M.S. is January 24, and the deadline for the Computer Science & Engineering Ph.D. is December 20. Therefore, the deadline for the Computer Science & Engineering M.S. is before the deadline for the Computer Science & Engineering Ph.D.."
What is the deadline for the Digital Arts and New Media M.F.A. program 2025?,Applying,The answer is: Not accepting applications for 2025.
When is the deadline to apply for an Education Ph.D.?,Applying,"The answer is December 3.

Note: This is a concise summary of the provided context, and I've avoided using lists and focused on providing a clear and concise answer."
"When do I need to apply for my Molecular, Cell & Developmental Biology by?",Applying,"You need to apply for your Molecular, Cell & Developmental Biology by December 3rd of the same year, as indicated on the application page of the program."
I want to apply for a Linguistics Ph.D. When is the deadline?,Applying,The deadline for applying to the Linguistics Ph.D. program at UC Santa Cruz is April 16th.
Are there any full tuition scholarships available for the NLP program?,Applying,"Yes, up to 10 full-tuition scholarships are available for the NLP program. Additionally, a limited number of fee waivers are also available for undergraduate students and alumni of all University of California and California State University institutions."
How long is the NLP M.S. program?,Applying,The NLP M.S. program at UCSC is a 15-18 month intensive graduate program that combines academic coursework with industry collaboration and project-based learning. The program is designed to provide students with the skills and knowledge needed to succeed in the rapidly growing field of Natural Language Processing. The program is a 15-18 month intensive graduate program that combines academic coursework with industry collaboration and project-based learning. The program is designed to provide students with the skills and knowledge needed to succeed in the rapidly growing field of Natural Language Processing.
What are my chances of finding a job in an NLP-adjacent industry after finishing my NLP M.S.?,Applying,"Generally, my chances of finding a job in an NLP-adjacent industry after finishing my NLP M.S. are very good. The demand for NLP experts is high and growing, and the field is constantly evolving, which means there will be opportunities for those with the right skills and experience. With a strong foundation in NLP, you can work in a variety of roles, including data engineer, software engineer, machine learning engineer, and more. You can also specialize in specific areas like computer vision, natural language understanding, or text analysis. Additionally, many companies are looking for professionals with expertise in NLP to help them tackle complex data-driven challenges. With the increasing use of AI and machine learning, the demand for professionals with NLP skills is expected to continue growing. So, I am confident that my NLP M.S. will open doors to many opportunities in the industry."
Why should I choose NLP at UC Santa Cruz?,Applying,"As a student of the Natural Language Processing program at UC Santa Cruz, you will gain a deep understanding of the intricacies of human language and its applications in various fields. The program offers a comprehensive curriculum that covers a wide range of topics, from statistical language models to deep learning techniques. The program is designed to prepare students for a career in NLP, with a strong focus on practical skills and real-world applications. The program is highly regarded in the industry, with many graduates going on to work in top tech companies and research institutions. The program is also highly flexible, allowing students to choose from a variety of specializations and electives to suit their interests. The program is also highly supported by industry partners, providing students with access to cutting-edge technology and resources. With a strong focus on research and innovation, the program is ideal for students who are passionate about exploring the latest developments in NLP and contributing to the field in meaningful ways. Overall, the Natural Language Processing program at UC Santa Cruz is an excellent choice for students who are interested in pursuing a career in NLP and want to be part of a community of like-minded individuals who are passionate about advancing the field."
Who should I contact about full-tuition scholarships for NLP?,Applying,"For full-tuition scholarships, I would recommend contacting the NLP Program at nlp@ucsc.edu. They are the primary point of contact for inquiries about these scholarships and can provide you with the most up-to-date information and guidance on how to apply."
How large are the class sizes in the NLP program?,Applying,"The NLP Program at UC Santa Cruz is designed to accommodate a diverse range of students, and we believe that the ideal class size for NLP students is around 20-25 students per class. This allows for personalized attention, effective collaboration, and a supportive learning environment. Our classes are typically small, with a maximum of 25 students per class. This size allows students to engage in meaningful discussions, receive individualized attention, and develop a deep understanding of the material.

Applicants wishing to study a broader range of computer science topics in a graduate program may wish to consider the MS in Computer Science and Engineering degree program. The program cost varies with the selected curriculum plan. Please check the Registrar’s website for the most recent tuition and fee information.

Admissions requirements include a B.A. or B.S. in Computer Science or equivalent, an overall GPA of 3.0 or better on the 4.0 GPA scale or equivalent, excellent programming skills, and TOEFL or IELTS scores (if applicable). Minimum TOEFL scores of 89 and IELTS scores of 7.0 are required. Essential courses to highlight in your application include a class in Discrete Math, an advanced class in Data Structures and Algorithms, at least one class in Probability and Statistics, and a class in NLP or Linguistics. Desirable additional requirements include a class in Machine Learning, a class in Formal Languages and Automata Theory, and a class in Data Structures and Algorithms.

The Natural Language Processing M.S. Program at UC Santa Cruz is designed to accommodate a diverse range of students, and we believe that the ideal class size for NLP students is around 20-25 students per class. This allows for personalized attention, effective collaboration, and a supportive learning environment. Our classes are typically small, with a maximum of 25 students per class. This size allows students to engage in meaningful discussions, receive individualized attention, and develop a deep understanding of the material."
Where is the NLP campus?,Applying,"The NLP campus is located in the heart of Silicon Valley, specifically at the UC Santa Clara campus in Santa Clara, California."
What subjects are taught in the NLP program?,Applying,"The NLP program at UC Santa Cruz teaches the following subjects:
Natural Language Processing (NLP) is the study of how computers can understand and process human language. The program covers the core concepts and algorithms for the theory and practice of NLP, including the creation of computer programs that can understand, generate, and learn natural language. The program also covers machine learning, data science, and analytics, providing a comprehensive understanding of how to apply NLP to real-world problems.

The program includes courses such as NLP 201: NLP-1, NLP 220: Data Science and Machine Learning Fundamentals, NLP 243: Deep Learning for NLP, NLP 280: Expert Seminar, NLP 271A: Capstone I, NLP 271B: Capstone II, NLP 270: Linguistic Models of Syntax & Semantics for Computer Scientists, and NLP 280: Information Retrieval, among others. These courses provide students with a solid foundation in NLP and its applications, as well as hands-on experience with practical skills and tools.

The program also includes elective courses such as Conversational Agents, Topics in Applied Natural Language Processing, Machine Translation, and Linguistic Models of Syntax & Semantics for Computer Scientists, which provide students with specialized knowledge and skills in specific areas of NLP. Overall, the NLP program at UC Santa Cruz provides students with a comprehensive and practical education in NLP, preparing them for careers in this rapidly growing field."
What health insurance is offered?,Health Insurance,"UC SHIP is offered to all students, as well as UC Santa Cruz staff and faculty, and is the primary health insurance plan for the university.

You can waive UC SHIP coverage if you have other health insurance that meets the university’s health insurance requirements. Waivers are typically approved during the waiver period, and you must maintain health coverage throughout the academic year. If you are not enrolled in UC SHIP, you can enroll in the plan and pay the cost of coverage for that term. You can find more information on the UC SHIP website."
Is health insurance mandatory for all UCSC students?,Health Insurance,"No, UC SHIP is mandatory for all UCSC students. It is a required health insurance plan that covers all students, regardless of their enrollment status. Students are automatically enrolled in UC SHIP and charged a premium upon registration.

You must be enrolled in UC SHIP to be eligible for UC SHIP coverage, and you must pay the premium to maintain coverage. If you are not enrolled in UC SHIP, you can enroll in a different health insurance plan.

Note: UC SHIP is not mandatory for non-registered students who are enrolling themselves and/or their eligible dependents for coverage. However, non-registered students who are enrolled in UC SHIP must pay the full premium upon enrollment."
How do I enroll in or waive the UC Student Health Insurance Plan (UC SHIP)?,Health Insurance,"To enroll in UC SHIP, you can enroll voluntarily by submitting the Qualifying Event (QE) form to the Academic HealthPlans office on your campus. You must have been covered by UC SHIP in the term immediately preceding the term for which you want to purchase coverage. You can also enroll as a non-registered student with filing fee status, taking a planned leave of absence, or completing work under the support of the University of California but are not attending classes. You can enroll after a qualifying life event, such as involuntary loss of other health insurance coverage, marriage or divorce, birth or adoption of a child, or declaration or termination of a domestic partnership. To enroll as a non-registered student, you must have been covered by UC SHIP in the term immediately preceding the term for which you want to purchase coverage. To waive UC SHIP coverage, you must have other health insurance coverage that meets the university’s requirements and submit a waiver application prior to the start of each new academic year. You can contact Academic HealthPlans at (855) 427-3167 or (855) 247-2273 for more information."
